date,category_id,keyword,trend_score
2017-11-14,1,film & animation,0
2017-11-15,1,film & animation,0
2017-11-16,1,film & animation,0
2017-11-17,1,film & animation,0
2017-11-18,1,film & animation,0
2017-11-19,1,film & animation,0
2017-11-20,1,film & animation,0
2017-11-21,1,film & animation,0
2017-11-22,1,film & animation,0
2017-11-23,1,film & animation,0
2017-11-24,1,film & animation,0
2017-11-25,1,film & animation,0
2017-11-26,1,film & animation,0
2017-11-27,1,film & animation,0
2017-11-28,1,film & animation,0
2017-11-29,1,film & animation,0
2017-11-30,1,film & animation,0
2017-12-01,1,film & animation,0
2017-12-02,1,film & animation,0
2017-12-03,1,film & animation,0
2017-12-04,1,film & animation,0
2017-12-05,1,film & animation,0
2017-12-06,1,film & animation,0
2017-12-07,1,film & animation,0
2017-12-08,1,film & animation,0
2017-12-09,1,film & animation,0
2017-12-10,1,film & animation,0
2017-12-11,1,film & animation,0
2017-12-12,1,film & animation,0
2017-12-13,1,film & animation,0
2017-12-14,1,film & animation,0
2017-12-15,1,film & animation,0
2017-12-16,1,film & animation,0
2017-12-17,1,film & animation,0
2017-12-18,1,film & animation,0
2017-12-19,1,film & animation,0
2017-12-20,1,film & animation,0
2017-12-21,1,film & animation,0
2017-12-22,1,film & animation,0
2017-12-23,1,film & animation,0
2017-12-24,1,film & animation,0
2017-12-25,1,film & animation,0
2017-12-26,1,film & animation,0
2017-12-27,1,film & animation,0
2017-12-28,1,film & animation,0
2017-12-29,1,film & animation,0
2017-12-30,1,film & animation,0
2017-12-31,1,film & animation,0
2018-01-01,1,film & animation,0
2018-01-02,1,film & animation,0
2018-01-03,1,film & animation,0
2018-01-04,1,film & animation,0
2018-01-05,1,film & animation,0
2018-01-06,1,film & animation,0
2018-01-07,1,film & animation,0
2018-01-08,1,film & animation,0
2018-01-09,1,film & animation,0
2018-01-10,1,film & animation,0
2018-01-11,1,film & animation,0
2018-01-12,1,film & animation,0
2018-01-13,1,film & animation,0
2018-01-14,1,film & animation,0
2018-01-15,1,film & animation,0
2018-01-16,1,film & animation,0
2018-01-17,1,film & animation,0
2018-01-18,1,film & animation,0
2018-01-19,1,film & animation,0
2018-01-20,1,film & animation,0
2018-01-21,1,film & animation,0
2018-01-22,1,film & animation,0
2018-01-23,1,film & animation,0
2018-01-24,1,film & animation,0
2018-01-25,1,film & animation,0
2018-01-26,1,film & animation,0
2018-01-27,1,film & animation,0
2018-01-28,1,film & animation,0
2018-01-29,1,film & animation,0
2018-01-30,1,film & animation,0
2018-01-31,1,film & animation,0
2018-02-01,1,film & animation,0
2018-02-02,1,film & animation,0
2018-02-03,1,film & animation,0
2018-02-04,1,film & animation,0
2018-02-05,1,film & animation,0
2018-02-06,1,film & animation,0
2018-02-07,1,film & animation,0
2018-02-08,1,film & animation,0
2018-02-09,1,film & animation,0
2018-02-10,1,film & animation,0
2018-02-11,1,film & animation,0
2018-02-12,1,film & animation,0
2018-02-13,1,film & animation,0
2018-02-14,1,film & animation,0
2018-02-15,1,film & animation,0
2018-02-16,1,film & animation,0
2018-02-17,1,film & animation,0
2018-02-18,1,film & animation,0
2018-02-19,1,film & animation,0
2018-02-20,1,film & animation,0
2018-02-21,1,film & animation,0
2018-02-22,1,film & animation,0
2018-02-23,1,film & animation,0
2018-02-24,1,film & animation,0
2018-02-25,1,film & animation,0
2018-02-26,1,film & animation,0
2018-02-27,1,film & animation,0
2018-02-28,1,film & animation,0
2018-03-01,1,film & animation,0
2018-03-02,1,film & animation,0
2018-03-03,1,film & animation,0
2018-03-04,1,film & animation,0
2018-03-05,1,film & animation,0
2018-03-06,1,film & animation,0
2018-03-07,1,film & animation,0
2018-03-08,1,film & animation,0
2018-03-09,1,film & animation,0
2018-03-10,1,film & animation,0
2018-03-11,1,film & animation,0
2018-03-12,1,film & animation,0
2018-03-13,1,film & animation,0
2018-03-14,1,film & animation,0
2018-03-15,1,film & animation,0
2018-03-16,1,film & animation,0
2018-03-17,1,film & animation,0
2018-03-18,1,film & animation,0
2018-03-19,1,film & animation,0
2018-03-20,1,film & animation,0
2018-03-21,1,film & animation,0
2018-03-22,1,film & animation,0
2018-03-23,1,film & animation,0
2018-03-24,1,film & animation,0
2018-03-25,1,film & animation,0
2018-03-26,1,film & animation,0
2018-03-27,1,film & animation,0
2018-03-28,1,film & animation,0
2018-03-29,1,film & animation,0
2018-03-30,1,film & animation,0
2018-03-31,1,film & animation,0
2018-04-01,1,film & animation,0
2018-04-02,1,film & animation,0
2018-04-03,1,film & animation,0
2018-04-04,1,film & animation,0
2018-04-05,1,film & animation,0
2018-04-06,1,film & animation,0
2018-04-07,1,film & animation,0
2018-04-08,1,film & animation,0
2018-04-09,1,film & animation,0
2018-04-10,1,film & animation,0
2018-04-11,1,film & animation,0
2018-04-12,1,film & animation,0
2018-04-13,1,film & animation,0
2018-04-14,1,film & animation,0
2018-04-15,1,film & animation,0
2018-04-16,1,film & animation,0
2018-04-17,1,film & animation,0
2018-04-18,1,film & animation,0
2018-04-19,1,film & animation,0
2018-04-20,1,film & animation,0
2018-04-21,1,film & animation,0
2018-04-22,1,film & animation,0
2018-04-23,1,film & animation,0
2018-04-24,1,film & animation,66
2018-04-25,1,film & animation,0
2018-04-26,1,film & animation,0
2018-04-27,1,film & animation,0
2018-04-28,1,film & animation,100
2018-04-29,1,film & animation,0
2018-04-30,1,film & animation,0
2018-05-01,1,film & animation,0
2018-05-02,1,film & animation,0
2018-05-03,1,film & animation,0
2018-05-04,1,film & animation,0
2018-05-05,1,film & animation,0
2018-05-06,1,film & animation,0
2018-05-07,1,film & animation,0
2018-05-08,1,film & animation,0
2018-05-09,1,film & animation,0
2018-05-10,1,film & animation,0
2018-05-11,1,film & animation,0
2018-05-12,1,film & animation,0
2018-05-13,1,film & animation,0
2018-05-14,1,film & animation,0
2018-05-15,1,film & animation,0
2018-05-16,1,film & animation,0
2018-05-17,1,film & animation,0
2018-05-18,1,film & animation,0
2018-05-19,1,film & animation,0
2018-05-20,1,film & animation,0
2018-05-21,1,film & animation,0
2018-05-22,1,film & animation,0
2018-05-23,1,film & animation,0
2018-05-24,1,film & animation,0
2018-05-25,1,film & animation,0
2018-05-26,1,film & animation,0
2018-05-27,1,film & animation,0
2018-05-28,1,film & animation,0
2018-05-29,1,film & animation,0
2018-05-30,1,film & animation,0
2018-05-31,1,film & animation,0
2018-06-01,1,film & animation,0
2018-06-02,1,film & animation,0
2018-06-03,1,film & animation,0
2018-06-04,1,film & animation,0
2018-06-05,1,film & animation,0
2018-06-06,1,film & animation,0
2018-06-07,1,film & animation,0
2018-06-08,1,film & animation,0
2018-06-09,1,film & animation,0
2018-06-10,1,film & animation,0
2018-06-11,1,film & animation,0
2018-06-12,1,film & animation,0
2018-06-13,1,film & animation,0
2018-06-14,1,film & animation,0
2017-11-14,10,music,76
2017-11-15,10,music,80
2017-11-16,10,music,79
2017-11-17,10,music,84
2017-11-18,10,music,83
2017-11-19,10,music,84
2017-11-20,10,music,100
2017-11-21,10,music,77
2017-11-22,10,music,74
2017-11-23,10,music,72
2017-11-24,10,music,70
2017-11-25,10,music,73
2017-11-26,10,music,76
2017-11-27,10,music,70
2017-11-28,10,music,77
2017-11-29,10,music,84
2017-11-30,10,music,84
2017-12-01,10,music,87
2017-12-02,10,music,87
2017-12-03,10,music,81
2017-12-04,10,music,80
2017-12-05,10,music,84
2017-12-06,10,music,87
2017-12-07,10,music,86
2017-12-08,10,music,86
2017-12-09,10,music,84
2017-12-10,10,music,80
2017-12-11,10,music,79
2017-12-12,10,music,84
2017-12-13,10,music,83
2017-12-14,10,music,86
2017-12-15,10,music,87
2017-12-16,10,music,81
2017-12-17,10,music,82
2017-12-18,10,music,93
2017-12-19,10,music,85
2017-12-20,10,music,85
2017-12-21,10,music,84
2017-12-22,10,music,85
2017-12-23,10,music,85
2017-12-24,10,music,84
2017-12-25,10,music,95
2017-12-26,10,music,84
2017-12-27,10,music,70
2017-12-28,10,music,70
2017-12-29,10,music,71
2017-12-30,10,music,75
2017-12-31,10,music,74
2018-01-01,10,music,71
2018-01-02,10,music,64
2018-01-03,10,music,68
2018-01-04,10,music,67
2018-01-05,10,music,71
2018-01-06,10,music,74
2018-01-07,10,music,69
2018-01-08,10,music,68
2018-01-09,10,music,70
2018-01-10,10,music,74
2018-01-11,10,music,79
2018-01-12,10,music,79
2018-01-13,10,music,76
2018-01-14,10,music,71
2018-01-15,10,music,68
2018-01-16,10,music,68
2018-01-17,10,music,74
2018-01-18,10,music,74
2018-01-19,10,music,81
2018-01-20,10,music,76
2018-01-21,10,music,73
2018-01-22,10,music,70
2018-01-23,10,music,73
2018-01-24,10,music,77
2018-01-25,10,music,82
2018-01-26,10,music,77
2018-01-27,10,music,80
2018-01-28,10,music,77
2018-01-29,10,music,78
2018-01-30,10,music,75
2018-01-31,10,music,72
2018-02-01,10,music,72
2018-02-02,10,music,79
2018-02-03,10,music,77
2018-02-04,10,music,75
2018-02-05,10,music,68
2018-02-06,10,music,74
2018-02-07,10,music,72
2018-02-08,10,music,78
2018-02-09,10,music,78
2018-02-10,10,music,72
2018-02-11,10,music,80
2018-02-12,10,music,74
2018-02-13,10,music,73
2018-02-14,10,music,73
2018-02-15,10,music,74
2018-02-16,10,music,79
2018-02-17,10,music,78
2018-02-18,10,music,76
2018-02-19,10,music,67
2018-02-20,10,music,70
2018-02-21,10,music,73
2018-02-22,10,music,73
2018-02-23,10,music,78
2018-02-24,10,music,78
2018-02-25,10,music,76
2018-02-26,10,music,70
2018-02-27,10,music,75
2018-02-28,10,music,77
2018-03-01,10,music,72
2018-03-02,10,music,81
2018-03-03,10,music,81
2018-03-04,10,music,73
2018-03-05,10,music,72
2018-03-06,10,music,72
2018-03-07,10,music,75
2018-03-08,10,music,75
2018-03-09,10,music,80
2018-03-10,10,music,78
2018-03-11,10,music,74
2018-03-12,10,music,77
2018-03-13,10,music,74
2018-03-14,10,music,73
2018-03-15,10,music,74
2018-03-16,10,music,77
2018-03-17,10,music,73
2018-03-18,10,music,69
2018-03-19,10,music,70
2018-03-20,10,music,71
2018-03-21,10,music,72
2018-03-22,10,music,77
2018-03-23,10,music,77
2018-03-24,10,music,75
2018-03-25,10,music,77
2018-03-26,10,music,70
2018-03-27,10,music,74
2018-03-28,10,music,76
2018-03-29,10,music,75
2018-03-30,10,music,71
2018-03-31,10,music,72
2018-04-01,10,music,69
2018-04-02,10,music,67
2018-04-03,10,music,70
2018-04-04,10,music,71
2018-04-05,10,music,74
2018-04-06,10,music,76
2018-04-07,10,music,75
2018-04-08,10,music,72
2018-04-09,10,music,72
2018-04-10,10,music,72
2018-04-11,10,music,73
2018-04-12,10,music,75
2018-04-13,10,music,83
2018-04-14,10,music,72
2018-04-15,10,music,74
2018-04-16,10,music,79
2018-04-17,10,music,74
2018-04-18,10,music,79
2018-04-19,10,music,77
2018-04-20,10,music,83
2018-04-21,10,music,77
2018-04-22,10,music,74
2018-04-23,10,music,67
2018-04-24,10,music,77
2018-04-25,10,music,76
2018-04-26,10,music,74
2018-04-27,10,music,82
2018-04-28,10,music,79
2018-04-29,10,music,72
2018-04-30,10,music,75
2018-05-01,10,music,74
2018-05-02,10,music,73
2018-05-03,10,music,75
2018-05-04,10,music,79
2018-05-05,10,music,75
2018-05-06,10,music,73
2018-05-07,10,music,73
2018-05-08,10,music,72
2018-05-09,10,music,76
2018-05-10,10,music,79
2018-05-11,10,music,79
2018-05-12,10,music,75
2018-05-13,10,music,71
2018-05-14,10,music,75
2018-05-15,10,music,75
2018-05-16,10,music,75
2018-05-17,10,music,78
2018-05-18,10,music,77
2018-05-19,10,music,75
2018-05-20,10,music,82
2018-05-21,10,music,94
2018-05-22,10,music,74
2018-05-23,10,music,76
2018-05-24,10,music,79
2018-05-25,10,music,78
2018-05-26,10,music,77
2018-05-27,10,music,76
2018-05-28,10,music,68
2018-05-29,10,music,67
2018-05-30,10,music,72
2018-05-31,10,music,73
2018-06-01,10,music,77
2018-06-02,10,music,76
2018-06-03,10,music,74
2018-06-04,10,music,69
2018-06-05,10,music,68
2018-06-06,10,music,74
2018-06-07,10,music,74
2018-06-08,10,music,77
2018-06-09,10,music,75
2018-06-10,10,music,75
2018-06-11,10,music,70
2018-06-12,10,music,65
2018-06-13,10,music,69
2018-06-14,10,music,70
2017-11-14,17,sports,66
2017-11-15,17,sports,64
2017-11-16,17,sports,62
2017-11-17,17,sports,67
2017-11-18,17,sports,91
2017-11-19,17,sports,86
2017-11-20,17,sports,68
2017-11-21,17,sports,65
2017-11-22,17,sports,63
2017-11-23,17,sports,75
2017-11-24,17,sports,87
2017-11-25,17,sports,98
2017-11-26,17,sports,86
2017-11-27,17,sports,73
2017-11-28,17,sports,66
2017-11-29,17,sports,62
2017-11-30,17,sports,63
2017-12-01,17,sports,73
2017-12-02,17,sports,91
2017-12-03,17,sports,97
2017-12-04,17,sports,71
2017-12-05,17,sports,68
2017-12-06,17,sports,61
2017-12-07,17,sports,64
2017-12-08,17,sports,66
2017-12-09,17,sports,80
2017-12-10,17,sports,86
2017-12-11,17,sports,70
2017-12-12,17,sports,66
2017-12-13,17,sports,64
2017-12-14,17,sports,59
2017-12-15,17,sports,65
2017-12-16,17,sports,81
2017-12-17,17,sports,94
2017-12-18,17,sports,74
2017-12-19,17,sports,69
2017-12-20,17,sports,66
2017-12-21,17,sports,62
2017-12-22,17,sports,71
2017-12-23,17,sports,79
2017-12-24,17,sports,79
2017-12-25,17,sports,57
2017-12-26,17,sports,64
2017-12-27,17,sports,62
2017-12-28,17,sports,62
2017-12-29,17,sports,67
2017-12-30,17,sports,70
2017-12-31,17,sports,81
2018-01-01,17,sports,66
2018-01-02,17,sports,64
2018-01-03,17,sports,59
2018-01-04,17,sports,58
2018-01-05,17,sports,62
2018-01-06,17,sports,77
2018-01-07,17,sports,89
2018-01-08,17,sports,66
2018-01-09,17,sports,67
2018-01-10,17,sports,60
2018-01-11,17,sports,60
2018-01-12,17,sports,61
2018-01-13,17,sports,82
2018-01-14,17,sports,92
2018-01-15,17,sports,69
2018-01-16,17,sports,53
2018-01-17,17,sports,56
2018-01-18,17,sports,60
2018-01-19,17,sports,61
2018-01-20,17,sports,74
2018-01-21,17,sports,95
2018-01-22,17,sports,71
2018-01-23,17,sports,62
2018-01-24,17,sports,63
2018-01-25,17,sports,59
2018-01-26,17,sports,62
2018-01-27,17,sports,75
2018-01-28,17,sports,70
2018-01-29,17,sports,61
2018-01-30,17,sports,62
2018-01-31,17,sports,63
2018-02-01,17,sports,63
2018-02-02,17,sports,62
2018-02-03,17,sports,76
2018-02-04,17,sports,95
2018-02-05,17,sports,82
2018-02-06,17,sports,67
2018-02-07,17,sports,70
2018-02-08,17,sports,71
2018-02-09,17,sports,70
2018-02-10,17,sports,85
2018-02-11,17,sports,84
2018-02-12,17,sports,67
2018-02-13,17,sports,72
2018-02-14,17,sports,72
2018-02-15,17,sports,64
2018-02-16,17,sports,68
2018-02-17,17,sports,79
2018-02-18,17,sports,76
2018-02-19,17,sports,67
2018-02-20,17,sports,65
2018-02-21,17,sports,65
2018-02-22,17,sports,66
2018-02-23,17,sports,66
2018-02-24,17,sports,86
2018-02-25,17,sports,76
2018-02-26,17,sports,64
2018-02-27,17,sports,63
2018-02-28,17,sports,65
2018-03-01,17,sports,64
2018-03-02,17,sports,65
2018-03-03,17,sports,84
2018-03-04,17,sports,83
2018-03-05,17,sports,63
2018-03-06,17,sports,62
2018-03-07,17,sports,64
2018-03-08,17,sports,63
2018-03-09,17,sports,65
2018-03-10,17,sports,82
2018-03-11,17,sports,80
2018-03-12,17,sports,71
2018-03-13,17,sports,71
2018-03-14,17,sports,73
2018-03-15,17,sports,100
2018-03-16,17,sports,92
2018-03-17,17,sports,89
2018-03-18,17,sports,85
2018-03-19,17,sports,67
2018-03-20,17,sports,56
2018-03-21,17,sports,58
2018-03-22,17,sports,61
2018-03-23,17,sports,65
2018-03-24,17,sports,78
2018-03-25,17,sports,76
2018-03-26,17,sports,63
2018-03-27,17,sports,62
2018-03-28,17,sports,59
2018-03-29,17,sports,63
2018-03-30,17,sports,63
2018-03-31,17,sports,78
2018-04-01,17,sports,68
2018-04-02,17,sports,62
2018-04-03,17,sports,65
2018-04-04,17,sports,62
2018-04-05,17,sports,62
2018-04-06,17,sports,63
2018-04-07,17,sports,75
2018-04-08,17,sports,76
2018-04-09,17,sports,59
2018-04-10,17,sports,61
2018-04-11,17,sports,62
2018-04-12,17,sports,61
2018-04-13,17,sports,65
2018-04-14,17,sports,72
2018-04-15,17,sports,71
2018-04-16,17,sports,64
2018-04-17,17,sports,61
2018-04-18,17,sports,64
2018-04-19,17,sports,62
2018-04-20,17,sports,62
2018-04-21,17,sports,73
2018-04-22,17,sports,69
2018-04-23,17,sports,59
2018-04-24,17,sports,63
2018-04-25,17,sports,64
2018-04-26,17,sports,64
2018-04-27,17,sports,67
2018-04-28,17,sports,77
2018-04-29,17,sports,73
2018-04-30,17,sports,59
2018-05-01,17,sports,60
2018-05-02,17,sports,62
2018-05-03,17,sports,61
2018-05-04,17,sports,61
2018-05-05,17,sports,73
2018-05-06,17,sports,74
2018-05-07,17,sports,59
2018-05-08,17,sports,58
2018-05-09,17,sports,61
2018-05-10,17,sports,59
2018-05-11,17,sports,60
2018-05-12,17,sports,64
2018-05-13,17,sports,62
2018-05-14,17,sports,80
2018-05-15,17,sports,69
2018-05-16,17,sports,63
2018-05-17,17,sports,58
2018-05-18,17,sports,57
2018-05-19,17,sports,69
2018-05-20,17,sports,69
2018-05-21,17,sports,60
2018-05-22,17,sports,60
2018-05-23,17,sports,58
2018-05-24,17,sports,62
2018-05-25,17,sports,61
2018-05-26,17,sports,76
2018-05-27,17,sports,72
2018-05-28,17,sports,67
2018-05-29,17,sports,66
2018-05-30,17,sports,57
2018-05-31,17,sports,65
2018-06-01,17,sports,63
2018-06-02,17,sports,67
2018-06-03,17,sports,73
2018-06-04,17,sports,61
2018-06-05,17,sports,60
2018-06-06,17,sports,59
2018-06-07,17,sports,63
2018-06-08,17,sports,64
2018-06-09,17,sports,75
2018-06-10,17,sports,68
2018-06-11,17,sports,57
2018-06-12,17,sports,57
2018-06-13,17,sports,60
2018-06-14,17,sports,76
2017-11-14,19,travel & events,0
2017-11-15,19,travel & events,0
2017-11-16,19,travel & events,0
2017-11-17,19,travel & events,0
2017-11-18,19,travel & events,0
2017-11-19,19,travel & events,0
2017-11-20,19,travel & events,0
2017-11-21,19,travel & events,0
2017-11-22,19,travel & events,0
2017-11-23,19,travel & events,0
2017-11-24,19,travel & events,0
2017-11-25,19,travel & events,0
2017-11-26,19,travel & events,0
2017-11-27,19,travel & events,0
2017-11-28,19,travel & events,0
2017-11-29,19,travel & events,0
2017-11-30,19,travel & events,0
2017-12-01,19,travel & events,0
2017-12-02,19,travel & events,0
2017-12-03,19,travel & events,0
2017-12-04,19,travel & events,100
2017-12-05,19,travel & events,0
2017-12-06,19,travel & events,0
2017-12-07,19,travel & events,0
2017-12-08,19,travel & events,0
2017-12-09,19,travel & events,0
2017-12-10,19,travel & events,0
2017-12-11,19,travel & events,0
2017-12-12,19,travel & events,0
2017-12-13,19,travel & events,0
2017-12-14,19,travel & events,0
2017-12-15,19,travel & events,0
2017-12-16,19,travel & events,0
2017-12-17,19,travel & events,0
2017-12-18,19,travel & events,0
2017-12-19,19,travel & events,0
2017-12-20,19,travel & events,0
2017-12-21,19,travel & events,0
2017-12-22,19,travel & events,0
2017-12-23,19,travel & events,0
2017-12-24,19,travel & events,0
2017-12-25,19,travel & events,0
2017-12-26,19,travel & events,0
2017-12-27,19,travel & events,0
2017-12-28,19,travel & events,0
2017-12-29,19,travel & events,0
2017-12-30,19,travel & events,0
2017-12-31,19,travel & events,0
2018-01-01,19,travel & events,0
2018-01-02,19,travel & events,0
2018-01-03,19,travel & events,0
2018-01-04,19,travel & events,0
2018-01-05,19,travel & events,0
2018-01-06,19,travel & events,0
2018-01-07,19,travel & events,0
2018-01-08,19,travel & events,0
2018-01-09,19,travel & events,0
2018-01-10,19,travel & events,0
2018-01-11,19,travel & events,0
2018-01-12,19,travel & events,0
2018-01-13,19,travel & events,0
2018-01-14,19,travel & events,0
2018-01-15,19,travel & events,0
2018-01-16,19,travel & events,0
2018-01-17,19,travel & events,0
2018-01-18,19,travel & events,0
2018-01-19,19,travel & events,0
2018-01-20,19,travel & events,0
2018-01-21,19,travel & events,0
2018-01-22,19,travel & events,0
2018-01-23,19,travel & events,0
2018-01-24,19,travel & events,0
2018-01-25,19,travel & events,0
2018-01-26,19,travel & events,0
2018-01-27,19,travel & events,0
2018-01-28,19,travel & events,0
2018-01-29,19,travel & events,0
2018-01-30,19,travel & events,0
2018-01-31,19,travel & events,0
2018-02-01,19,travel & events,0
2018-02-02,19,travel & events,0
2018-02-03,19,travel & events,0
2018-02-04,19,travel & events,0
2018-02-05,19,travel & events,0
2018-02-06,19,travel & events,0
2018-02-07,19,travel & events,0
2018-02-08,19,travel & events,0
2018-02-09,19,travel & events,0
2018-02-10,19,travel & events,0
2018-02-11,19,travel & events,0
2018-02-12,19,travel & events,0
2018-02-13,19,travel & events,100
2018-02-14,19,travel & events,0
2018-02-15,19,travel & events,0
2018-02-16,19,travel & events,0
2018-02-17,19,travel & events,0
2018-02-18,19,travel & events,0
2018-02-19,19,travel & events,0
2018-02-20,19,travel & events,0
2018-02-21,19,travel & events,0
2018-02-22,19,travel & events,98
2018-02-23,19,travel & events,0
2018-02-24,19,travel & events,0
2018-02-25,19,travel & events,0
2018-02-26,19,travel & events,0
2018-02-27,19,travel & events,0
2018-02-28,19,travel & events,0
2018-03-01,19,travel & events,0
2018-03-02,19,travel & events,0
2018-03-03,19,travel & events,0
2018-03-04,19,travel & events,0
2018-03-05,19,travel & events,0
2018-03-06,19,travel & events,0
2018-03-07,19,travel & events,0
2018-03-08,19,travel & events,0
2018-03-09,19,travel & events,0
2018-03-10,19,travel & events,0
2018-03-11,19,travel & events,0
2018-03-12,19,travel & events,0
2018-03-13,19,travel & events,0
2018-03-14,19,travel & events,0
2018-03-15,19,travel & events,0
2018-03-16,19,travel & events,0
2018-03-17,19,travel & events,0
2018-03-18,19,travel & events,0
2018-03-19,19,travel & events,0
2018-03-20,19,travel & events,0
2018-03-21,19,travel & events,0
2018-03-22,19,travel & events,0
2018-03-23,19,travel & events,0
2018-03-24,19,travel & events,0
2018-03-25,19,travel & events,0
2018-03-26,19,travel & events,0
2018-03-27,19,travel & events,0
2018-03-28,19,travel & events,0
2018-03-29,19,travel & events,0
2018-03-30,19,travel & events,0
2018-03-31,19,travel & events,0
2018-04-01,19,travel & events,0
2018-04-02,19,travel & events,0
2018-04-03,19,travel & events,0
2018-04-04,19,travel & events,0
2018-04-05,19,travel & events,0
2018-04-06,19,travel & events,0
2018-04-07,19,travel & events,0
2018-04-08,19,travel & events,0
2018-04-09,19,travel & events,0
2018-04-10,19,travel & events,0
2018-04-11,19,travel & events,0
2018-04-12,19,travel & events,0
2018-04-13,19,travel & events,0
2018-04-14,19,travel & events,0
2018-04-15,19,travel & events,0
2018-04-16,19,travel & events,0
2018-04-17,19,travel & events,0
2018-04-18,19,travel & events,0
2018-04-19,19,travel & events,0
2018-04-20,19,travel & events,0
2018-04-21,19,travel & events,0
2018-04-22,19,travel & events,0
2018-04-23,19,travel & events,0
2018-04-24,19,travel & events,0
2018-04-25,19,travel & events,0
2018-04-26,19,travel & events,0
2018-04-27,19,travel & events,0
2018-04-28,19,travel & events,0
2018-04-29,19,travel & events,0
2018-04-30,19,travel & events,0
2018-05-01,19,travel & events,0
2018-05-02,19,travel & events,0
2018-05-03,19,travel & events,0
2018-05-04,19,travel & events,0
2018-05-05,19,travel & events,0
2018-05-06,19,travel & events,0
2018-05-07,19,travel & events,0
2018-05-08,19,travel & events,0
2018-05-09,19,travel & events,0
2018-05-10,19,travel & events,0
2018-05-11,19,travel & events,0
2018-05-12,19,travel & events,0
2018-05-13,19,travel & events,0
2018-05-14,19,travel & events,0
2018-05-15,19,travel & events,0
2018-05-16,19,travel & events,0
2018-05-17,19,travel & events,0
2018-05-18,19,travel & events,0
2018-05-19,19,travel & events,0
2018-05-20,19,travel & events,0
2018-05-21,19,travel & events,0
2018-05-22,19,travel & events,0
2018-05-23,19,travel & events,0
2018-05-24,19,travel & events,0
2018-05-25,19,travel & events,0
2018-05-26,19,travel & events,0
2018-05-27,19,travel & events,0
2018-05-28,19,travel & events,0
2018-05-29,19,travel & events,0
2018-05-30,19,travel & events,0
2018-05-31,19,travel & events,0
2018-06-01,19,travel & events,0
2018-06-02,19,travel & events,0
2018-06-03,19,travel & events,0
2018-06-04,19,travel & events,0
2018-06-05,19,travel & events,0
2018-06-06,19,travel & events,0
2018-06-07,19,travel & events,0
2018-06-08,19,travel & events,0
2018-06-09,19,travel & events,0
2018-06-10,19,travel & events,0
2018-06-11,19,travel & events,0
2018-06-12,19,travel & events,0
2018-06-13,19,travel & events,0
2018-06-14,19,travel & events,0
2017-11-14,20,gaming,36
2017-11-15,20,gaming,39
2017-11-16,20,gaming,39
2017-11-17,20,gaming,38
2017-11-18,20,gaming,48
2017-11-19,20,gaming,46
2017-11-20,20,gaming,47
2017-11-21,20,gaming,44
2017-11-22,20,gaming,50
2017-11-23,20,gaming,74
2017-11-24,20,gaming,100
2017-11-25,20,gaming,69
2017-11-26,20,gaming,61
2017-11-27,20,gaming,69
2017-11-28,20,gaming,54
2017-11-29,20,gaming,40
2017-11-30,20,gaming,40
2017-12-01,20,gaming,39
2017-12-02,20,gaming,45
2017-12-03,20,gaming,43
2017-12-04,20,gaming,40
2017-12-05,20,gaming,39
2017-12-06,20,gaming,42
2017-12-07,20,gaming,38
2017-12-08,20,gaming,41
2017-12-09,20,gaming,47
2017-12-10,20,gaming,41
2017-12-11,20,gaming,38
2017-12-12,20,gaming,42
2017-12-13,20,gaming,41
2017-12-14,20,gaming,38
2017-12-15,20,gaming,39
2017-12-16,20,gaming,46
2017-12-17,20,gaming,45
2017-12-18,20,gaming,42
2017-12-19,20,gaming,40
2017-12-20,20,gaming,39
2017-12-21,20,gaming,42
2017-12-22,20,gaming,42
2017-12-23,20,gaming,43
2017-12-24,20,gaming,42
2017-12-25,20,gaming,57
2017-12-26,20,gaming,56
2017-12-27,20,gaming,56
2017-12-28,20,gaming,46
2017-12-29,20,gaming,44
2017-12-30,20,gaming,39
2017-12-31,20,gaming,37
2018-01-01,20,gaming,38
2018-01-02,20,gaming,39
2018-01-03,20,gaming,36
2018-01-04,20,gaming,36
2018-01-05,20,gaming,40
2018-01-06,20,gaming,42
2018-01-07,20,gaming,41
2018-01-08,20,gaming,35
2018-01-09,20,gaming,33
2018-01-10,20,gaming,36
2018-01-11,20,gaming,37
2018-01-12,20,gaming,37
2018-01-13,20,gaming,41
2018-01-14,20,gaming,41
2018-01-15,20,gaming,40
2018-01-16,20,gaming,37
2018-01-17,20,gaming,34
2018-01-18,20,gaming,35
2018-01-19,20,gaming,36
2018-01-20,20,gaming,39
2018-01-21,20,gaming,36
2018-01-22,20,gaming,36
2018-01-23,20,gaming,35
2018-01-24,20,gaming,33
2018-01-25,20,gaming,34
2018-01-26,20,gaming,35
2018-01-27,20,gaming,39
2018-01-28,20,gaming,41
2018-01-29,20,gaming,38
2018-01-30,20,gaming,37
2018-01-31,20,gaming,35
2018-02-01,20,gaming,37
2018-02-02,20,gaming,35
2018-02-03,20,gaming,39
2018-02-04,20,gaming,38
2018-02-05,20,gaming,31
2018-02-06,20,gaming,33
2018-02-07,20,gaming,36
2018-02-08,20,gaming,35
2018-02-09,20,gaming,34
2018-02-10,20,gaming,36
2018-02-11,20,gaming,40
2018-02-12,20,gaming,36
2018-02-13,20,gaming,35
2018-02-14,20,gaming,32
2018-02-15,20,gaming,33
2018-02-16,20,gaming,34
2018-02-17,20,gaming,36
2018-02-18,20,gaming,40
2018-02-19,20,gaming,38
2018-02-20,20,gaming,33
2018-02-21,20,gaming,34
2018-02-22,20,gaming,36
2018-02-23,20,gaming,37
2018-02-24,20,gaming,37
2018-02-25,20,gaming,43
2018-02-26,20,gaming,35
2018-02-27,20,gaming,35
2018-02-28,20,gaming,36
2018-03-01,20,gaming,35
2018-03-02,20,gaming,34
2018-03-03,20,gaming,39
2018-03-04,20,gaming,41
2018-03-05,20,gaming,35
2018-03-06,20,gaming,35
2018-03-07,20,gaming,36
2018-03-08,20,gaming,35
2018-03-09,20,gaming,39
2018-03-10,20,gaming,39
2018-03-11,20,gaming,40
2018-03-12,20,gaming,37
2018-03-13,20,gaming,35
2018-03-14,20,gaming,35
2018-03-15,20,gaming,35
2018-03-16,20,gaming,36
2018-03-17,20,gaming,38
2018-03-18,20,gaming,40
2018-03-19,20,gaming,38
2018-03-20,20,gaming,36
2018-03-21,20,gaming,37
2018-03-22,20,gaming,37
2018-03-23,20,gaming,36
2018-03-24,20,gaming,40
2018-03-25,20,gaming,41
2018-03-26,20,gaming,40
2018-03-27,20,gaming,37
2018-03-28,20,gaming,36
2018-03-29,20,gaming,36
2018-03-30,20,gaming,39
2018-03-31,20,gaming,42
2018-04-01,20,gaming,41
2018-04-02,20,gaming,39
2018-04-03,20,gaming,37
2018-04-04,20,gaming,37
2018-04-05,20,gaming,36
2018-04-06,20,gaming,36
2018-04-07,20,gaming,39
2018-04-08,20,gaming,41
2018-04-09,20,gaming,37
2018-04-10,20,gaming,41
2018-04-11,20,gaming,36
2018-04-12,20,gaming,36
2018-04-13,20,gaming,35
2018-04-14,20,gaming,38
2018-04-15,20,gaming,39
2018-04-16,20,gaming,36
2018-04-17,20,gaming,38
2018-04-18,20,gaming,36
2018-04-19,20,gaming,37
2018-04-20,20,gaming,33
2018-04-21,20,gaming,39
2018-04-22,20,gaming,41
2018-04-23,20,gaming,35
2018-04-24,20,gaming,35
2018-04-25,20,gaming,36
2018-04-26,20,gaming,34
2018-04-27,20,gaming,33
2018-04-28,20,gaming,38
2018-04-29,20,gaming,40
2018-04-30,20,gaming,34
2018-05-01,20,gaming,33
2018-05-02,20,gaming,32
2018-05-03,20,gaming,32
2018-05-04,20,gaming,33
2018-05-05,20,gaming,38
2018-05-06,20,gaming,40
2018-05-07,20,gaming,33
2018-05-08,20,gaming,35
2018-05-09,20,gaming,35
2018-05-10,20,gaming,36
2018-05-11,20,gaming,32
2018-05-12,20,gaming,39
2018-05-13,20,gaming,43
2018-05-14,20,gaming,40
2018-05-15,20,gaming,39
2018-05-16,20,gaming,36
2018-05-17,20,gaming,35
2018-05-18,20,gaming,38
2018-05-19,20,gaming,41
2018-05-20,20,gaming,43
2018-05-21,20,gaming,37
2018-05-22,20,gaming,39
2018-05-23,20,gaming,36
2018-05-24,20,gaming,35
2018-05-25,20,gaming,39
2018-05-26,20,gaming,40
2018-05-27,20,gaming,45
2018-05-28,20,gaming,41
2018-05-29,20,gaming,36
2018-05-30,20,gaming,37
2018-05-31,20,gaming,38
2018-06-01,20,gaming,38
2018-06-02,20,gaming,43
2018-06-03,20,gaming,43
2018-06-04,20,gaming,36
2018-06-05,20,gaming,38
2018-06-06,20,gaming,37
2018-06-07,20,gaming,35
2018-06-08,20,gaming,35
2018-06-09,20,gaming,43
2018-06-10,20,gaming,47
2018-06-11,20,gaming,48
2018-06-12,20,gaming,48
2018-06-13,20,gaming,44
2018-06-14,20,gaming,39
2017-11-14,22,vlog,9
2017-11-15,22,vlog,9
2017-11-16,22,vlog,10
2017-11-17,22,vlog,9
2017-11-18,22,vlog,10
2017-11-19,22,vlog,10
2017-11-20,22,vlog,11
2017-11-21,22,vlog,10
2017-11-22,22,vlog,10
2017-11-23,22,vlog,13
2017-11-24,22,vlog,13
2017-11-25,22,vlog,12
2017-11-26,22,vlog,12
2017-11-27,22,vlog,11
2017-11-28,22,vlog,9
2017-11-29,22,vlog,9
2017-11-30,22,vlog,10
2017-12-01,22,vlog,10
2017-12-02,22,vlog,12
2017-12-03,22,vlog,10
2017-12-04,22,vlog,10
2017-12-05,22,vlog,11
2017-12-06,22,vlog,9
2017-12-07,22,vlog,10
2017-12-08,22,vlog,9
2017-12-09,22,vlog,12
2017-12-10,22,vlog,12
2017-12-11,22,vlog,12
2017-12-12,22,vlog,10
2017-12-13,22,vlog,12
2017-12-14,22,vlog,11
2017-12-15,22,vlog,9
2017-12-16,22,vlog,11
2017-12-17,22,vlog,12
2017-12-18,22,vlog,12
2017-12-19,22,vlog,11
2017-12-20,22,vlog,11
2017-12-21,22,vlog,12
2017-12-22,22,vlog,11
2017-12-23,22,vlog,11
2017-12-24,22,vlog,10
2017-12-25,22,vlog,11
2017-12-26,22,vlog,11
2017-12-27,22,vlog,12
2017-12-28,22,vlog,11
2017-12-29,22,vlog,13
2017-12-30,22,vlog,13
2017-12-31,22,vlog,11
2018-01-01,22,vlog,11
2018-01-02,22,vlog,66
2018-01-03,22,vlog,100
2018-01-04,22,vlog,47
2018-01-05,22,vlog,29
2018-01-06,22,vlog,31
2018-01-07,22,vlog,29
2018-01-08,22,vlog,20
2018-01-09,22,vlog,19
2018-01-10,22,vlog,18
2018-01-11,22,vlog,24
2018-01-12,22,vlog,17
2018-01-13,22,vlog,14
2018-01-14,22,vlog,14
2018-01-15,22,vlog,16
2018-01-16,22,vlog,13
2018-01-17,22,vlog,14
2018-01-18,22,vlog,14
2018-01-19,22,vlog,13
2018-01-20,22,vlog,12
2018-01-21,22,vlog,13
2018-01-22,22,vlog,12
2018-01-23,22,vlog,11
2018-01-24,22,vlog,14
2018-01-25,22,vlog,12
2018-01-26,22,vlog,11
2018-01-27,22,vlog,11
2018-01-28,22,vlog,13
2018-01-29,22,vlog,11
2018-01-30,22,vlog,12
2018-01-31,22,vlog,9
2018-02-01,22,vlog,11
2018-02-02,22,vlog,11
2018-02-03,22,vlog,12
2018-02-04,22,vlog,12
2018-02-05,22,vlog,9
2018-02-06,22,vlog,8
2018-02-07,22,vlog,10
2018-02-08,22,vlog,9
2018-02-09,22,vlog,9
2018-02-10,22,vlog,12
2018-02-11,22,vlog,14
2018-02-12,22,vlog,12
2018-02-13,22,vlog,10
2018-02-14,22,vlog,9
2018-02-15,22,vlog,9
2018-02-16,22,vlog,10
2018-02-17,22,vlog,11
2018-02-18,22,vlog,10
2018-02-19,22,vlog,11
2018-02-20,22,vlog,11
2018-02-21,22,vlog,10
2018-02-22,22,vlog,10
2018-02-23,22,vlog,8
2018-02-24,22,vlog,11
2018-02-25,22,vlog,9
2018-02-26,22,vlog,9
2018-02-27,22,vlog,9
2018-02-28,22,vlog,10
2018-03-01,22,vlog,9
2018-03-02,22,vlog,8
2018-03-03,22,vlog,11
2018-03-04,22,vlog,10
2018-03-05,22,vlog,11
2018-03-06,22,vlog,9
2018-03-07,22,vlog,9
2018-03-08,22,vlog,10
2018-03-09,22,vlog,10
2018-03-10,22,vlog,9
2018-03-11,22,vlog,12
2018-03-12,22,vlog,10
2018-03-13,22,vlog,9
2018-03-14,22,vlog,10
2018-03-15,22,vlog,12
2018-03-16,22,vlog,9
2018-03-17,22,vlog,9
2018-03-18,22,vlog,10
2018-03-19,22,vlog,10
2018-03-20,22,vlog,9
2018-03-21,22,vlog,10
2018-03-22,22,vlog,10
2018-03-23,22,vlog,9
2018-03-24,22,vlog,8
2018-03-25,22,vlog,11
2018-03-26,22,vlog,9
2018-03-27,22,vlog,10
2018-03-28,22,vlog,9
2018-03-29,22,vlog,11
2018-03-30,22,vlog,10
2018-03-31,22,vlog,9
2018-04-01,22,vlog,11
2018-04-02,22,vlog,11
2018-04-03,22,vlog,9
2018-04-04,22,vlog,10
2018-04-05,22,vlog,10
2018-04-06,22,vlog,10
2018-04-07,22,vlog,10
2018-04-08,22,vlog,11
2018-04-09,22,vlog,10
2018-04-10,22,vlog,9
2018-04-11,22,vlog,10
2018-04-12,22,vlog,8
2018-04-13,22,vlog,10
2018-04-14,22,vlog,12
2018-04-15,22,vlog,11
2018-04-16,22,vlog,9
2018-04-17,22,vlog,9
2018-04-18,22,vlog,9
2018-04-19,22,vlog,11
2018-04-20,22,vlog,8
2018-04-21,22,vlog,13
2018-04-22,22,vlog,8
2018-04-23,22,vlog,9
2018-04-24,22,vlog,9
2018-04-25,22,vlog,10
2018-04-26,22,vlog,11
2018-04-27,22,vlog,8
2018-04-28,22,vlog,10
2018-04-29,22,vlog,10
2018-04-30,22,vlog,10
2018-05-01,22,vlog,8
2018-05-02,22,vlog,9
2018-05-03,22,vlog,10
2018-05-04,22,vlog,9
2018-05-05,22,vlog,10
2018-05-06,22,vlog,10
2018-05-07,22,vlog,9
2018-05-08,22,vlog,8
2018-05-09,22,vlog,8
2018-05-10,22,vlog,9
2018-05-11,22,vlog,8
2018-05-12,22,vlog,9
2018-05-13,22,vlog,9
2018-05-14,22,vlog,10
2018-05-15,22,vlog,9
2018-05-16,22,vlog,10
2018-05-17,22,vlog,10
2018-05-18,22,vlog,9
2018-05-19,22,vlog,8
2018-05-20,22,vlog,8
2018-05-21,22,vlog,9
2018-05-22,22,vlog,8
2018-05-23,22,vlog,10
2018-05-24,22,vlog,9
2018-05-25,22,vlog,9
2018-05-26,22,vlog,10
2018-05-27,22,vlog,12
2018-05-28,22,vlog,11
2018-05-29,22,vlog,10
2018-05-30,22,vlog,10
2018-05-31,22,vlog,10
2018-06-01,22,vlog,9
2018-06-02,22,vlog,11
2018-06-03,22,vlog,11
2018-06-04,22,vlog,10
2018-06-05,22,vlog,11
2018-06-06,22,vlog,12
2018-06-07,22,vlog,11
2018-06-08,22,vlog,11
2018-06-09,22,vlog,11
2018-06-10,22,vlog,11
2018-06-11,22,vlog,11
2018-06-12,22,vlog,12
2018-06-13,22,vlog,11
2018-06-14,22,vlog,10
2017-11-14,23,comedy,60
2017-11-15,23,comedy,57
2017-11-16,23,comedy,65
2017-11-17,23,comedy,65
2017-11-18,23,comedy,85
2017-11-19,23,comedy,81
2017-11-20,23,comedy,58
2017-11-21,23,comedy,58
2017-11-22,23,comedy,62
2017-11-23,23,comedy,67
2017-11-24,23,comedy,69
2017-11-25,23,comedy,82
2017-11-26,23,comedy,75
2017-11-27,23,comedy,53
2017-11-28,23,comedy,57
2017-11-29,23,comedy,54
2017-11-30,23,comedy,60
2017-12-01,23,comedy,62
2017-12-02,23,comedy,80
2017-12-03,23,comedy,71
2017-12-04,23,comedy,66
2017-12-05,23,comedy,55
2017-12-06,23,comedy,57
2017-12-07,23,comedy,60
2017-12-08,23,comedy,62
2017-12-09,23,comedy,82
2017-12-10,23,comedy,77
2017-12-11,23,comedy,57
2017-12-12,23,comedy,59
2017-12-13,23,comedy,61
2017-12-14,23,comedy,59
2017-12-15,23,comedy,66
2017-12-16,23,comedy,76
2017-12-17,23,comedy,75
2017-12-18,23,comedy,56
2017-12-19,23,comedy,59
2017-12-20,23,comedy,61
2017-12-21,23,comedy,60
2017-12-22,23,comedy,69
2017-12-23,23,comedy,74
2017-12-24,23,comedy,69
2017-12-25,23,comedy,75
2017-12-26,23,comedy,71
2017-12-27,23,comedy,70
2017-12-28,23,comedy,72
2017-12-29,23,comedy,80
2017-12-30,23,comedy,88
2017-12-31,23,comedy,87
2018-01-01,23,comedy,78
2018-01-02,23,comedy,66
2018-01-03,23,comedy,63
2018-01-04,23,comedy,67
2018-01-05,23,comedy,84
2018-01-06,23,comedy,89
2018-01-07,23,comedy,82
2018-01-08,23,comedy,65
2018-01-09,23,comedy,59
2018-01-10,23,comedy,65
2018-01-11,23,comedy,66
2018-01-12,23,comedy,69
2018-01-13,23,comedy,94
2018-01-14,23,comedy,88
2018-01-15,23,comedy,74
2018-01-16,23,comedy,61
2018-01-17,23,comedy,63
2018-01-18,23,comedy,68
2018-01-19,23,comedy,68
2018-01-20,23,comedy,91
2018-01-21,23,comedy,82
2018-01-22,23,comedy,63
2018-01-23,23,comedy,62
2018-01-24,23,comedy,61
2018-01-25,23,comedy,65
2018-01-26,23,comedy,72
2018-01-27,23,comedy,94
2018-01-28,23,comedy,84
2018-01-29,23,comedy,67
2018-01-30,23,comedy,63
2018-01-31,23,comedy,60
2018-02-01,23,comedy,64
2018-02-02,23,comedy,71
2018-02-03,23,comedy,90
2018-02-04,23,comedy,75
2018-02-05,23,comedy,50
2018-02-06,23,comedy,58
2018-02-07,23,comedy,59
2018-02-08,23,comedy,62
2018-02-09,23,comedy,69
2018-02-10,23,comedy,95
2018-02-11,23,comedy,86
2018-02-12,23,comedy,61
2018-02-13,23,comedy,58
2018-02-14,23,comedy,65
2018-02-15,23,comedy,60
2018-02-16,23,comedy,72
2018-02-17,23,comedy,90
2018-02-18,23,comedy,84
2018-02-19,23,comedy,68
2018-02-20,23,comedy,58
2018-02-21,23,comedy,59
2018-02-22,23,comedy,61
2018-02-23,23,comedy,69
2018-02-24,23,comedy,88
2018-02-25,23,comedy,80
2018-02-26,23,comedy,60
2018-02-27,23,comedy,58
2018-02-28,23,comedy,53
2018-03-01,23,comedy,56
2018-03-02,23,comedy,66
2018-03-03,23,comedy,85
2018-03-04,23,comedy,75
2018-03-05,23,comedy,57
2018-03-06,23,comedy,55
2018-03-07,23,comedy,59
2018-03-08,23,comedy,62
2018-03-09,23,comedy,69
2018-03-10,23,comedy,86
2018-03-11,23,comedy,74
2018-03-12,23,comedy,61
2018-03-13,23,comedy,57
2018-03-14,23,comedy,59
2018-03-15,23,comedy,62
2018-03-16,23,comedy,61
2018-03-17,23,comedy,76
2018-03-18,23,comedy,68
2018-03-19,23,comedy,57
2018-03-20,23,comedy,53
2018-03-21,23,comedy,58
2018-03-22,23,comedy,61
2018-03-23,23,comedy,65
2018-03-24,23,comedy,83
2018-03-25,23,comedy,77
2018-03-26,23,comedy,58
2018-03-27,23,comedy,59
2018-03-28,23,comedy,60
2018-03-29,23,comedy,61
2018-03-30,23,comedy,74
2018-03-31,23,comedy,80
2018-04-01,23,comedy,76
2018-04-02,23,comedy,63
2018-04-03,23,comedy,57
2018-04-04,23,comedy,58
2018-04-05,23,comedy,73
2018-04-06,23,comedy,73
2018-04-07,23,comedy,100
2018-04-08,23,comedy,75
2018-04-09,23,comedy,58
2018-04-10,23,comedy,55
2018-04-11,23,comedy,58
2018-04-12,23,comedy,61
2018-04-13,23,comedy,63
2018-04-14,23,comedy,84
2018-04-15,23,comedy,73
2018-04-16,23,comedy,56
2018-04-17,23,comedy,59
2018-04-18,23,comedy,56
2018-04-19,23,comedy,61
2018-04-20,23,comedy,66
2018-04-21,23,comedy,85
2018-04-22,23,comedy,74
2018-04-23,23,comedy,55
2018-04-24,23,comedy,50
2018-04-25,23,comedy,59
2018-04-26,23,comedy,55
2018-04-27,23,comedy,67
2018-04-28,23,comedy,75
2018-04-29,23,comedy,70
2018-04-30,23,comedy,58
2018-05-01,23,comedy,50
2018-05-02,23,comedy,54
2018-05-03,23,comedy,51
2018-05-04,23,comedy,58
2018-05-05,23,comedy,68
2018-05-06,23,comedy,70
2018-05-07,23,comedy,54
2018-05-08,23,comedy,53
2018-05-09,23,comedy,52
2018-05-10,23,comedy,54
2018-05-11,23,comedy,62
2018-05-12,23,comedy,81
2018-05-13,23,comedy,70
2018-05-14,23,comedy,55
2018-05-15,23,comedy,52
2018-05-16,23,comedy,50
2018-05-17,23,comedy,58
2018-05-18,23,comedy,59
2018-05-19,23,comedy,75
2018-05-20,23,comedy,70
2018-05-21,23,comedy,51
2018-05-22,23,comedy,54
2018-05-23,23,comedy,56
2018-05-24,23,comedy,55
2018-05-25,23,comedy,62
2018-05-26,23,comedy,77
2018-05-27,23,comedy,80
2018-05-28,23,comedy,67
2018-05-29,23,comedy,53
2018-05-30,23,comedy,56
2018-05-31,23,comedy,54
2018-06-01,23,comedy,64
2018-06-02,23,comedy,80
2018-06-03,23,comedy,71
2018-06-04,23,comedy,60
2018-06-05,23,comedy,52
2018-06-06,23,comedy,57
2018-06-07,23,comedy,58
2018-06-08,23,comedy,62
2018-06-09,23,comedy,68
2018-06-10,23,comedy,73
2018-06-11,23,comedy,54
2018-06-12,23,comedy,56
2018-06-13,23,comedy,58
2018-06-14,23,comedy,58
2017-11-14,24,entertainment,84
2017-11-15,24,entertainment,79
2017-11-16,24,entertainment,81
2017-11-17,24,entertainment,81
2017-11-18,24,entertainment,85
2017-11-19,24,entertainment,91
2017-11-20,24,entertainment,79
2017-11-21,24,entertainment,79
2017-11-22,24,entertainment,78
2017-11-23,24,entertainment,70
2017-11-24,24,entertainment,81
2017-11-25,24,entertainment,87
2017-11-26,24,entertainment,92
2017-11-27,24,entertainment,76
2017-11-28,24,entertainment,80
2017-11-29,24,entertainment,79
2017-11-30,24,entertainment,83
2017-12-01,24,entertainment,76
2017-12-02,24,entertainment,79
2017-12-03,24,entertainment,79
2017-12-04,24,entertainment,74
2017-12-05,24,entertainment,85
2017-12-06,24,entertainment,78
2017-12-07,24,entertainment,82
2017-12-08,24,entertainment,81
2017-12-09,24,entertainment,86
2017-12-10,24,entertainment,76
2017-12-11,24,entertainment,74
2017-12-12,24,entertainment,76
2017-12-13,24,entertainment,79
2017-12-14,24,entertainment,79
2017-12-15,24,entertainment,78
2017-12-16,24,entertainment,86
2017-12-17,24,entertainment,81
2017-12-18,24,entertainment,77
2017-12-19,24,entertainment,78
2017-12-20,24,entertainment,79
2017-12-21,24,entertainment,80
2017-12-22,24,entertainment,81
2017-12-23,24,entertainment,79
2017-12-24,24,entertainment,70
2017-12-25,24,entertainment,74
2017-12-26,24,entertainment,80
2017-12-27,24,entertainment,83
2017-12-28,24,entertainment,86
2017-12-29,24,entertainment,83
2017-12-30,24,entertainment,86
2017-12-31,24,entertainment,85
2018-01-01,24,entertainment,80
2018-01-02,24,entertainment,79
2018-01-03,24,entertainment,84
2018-01-04,24,entertainment,79
2018-01-05,24,entertainment,83
2018-01-06,24,entertainment,87
2018-01-07,24,entertainment,87
2018-01-08,24,entertainment,78
2018-01-09,24,entertainment,87
2018-01-10,24,entertainment,81
2018-01-11,24,entertainment,86
2018-01-12,24,entertainment,80
2018-01-13,24,entertainment,100
2018-01-14,24,entertainment,89
2018-01-15,24,entertainment,83
2018-01-16,24,entertainment,81
2018-01-17,24,entertainment,78
2018-01-18,24,entertainment,79
2018-01-19,24,entertainment,81
2018-01-20,24,entertainment,95
2018-01-21,24,entertainment,86
2018-01-22,24,entertainment,77
2018-01-23,24,entertainment,80
2018-01-24,24,entertainment,78
2018-01-25,24,entertainment,89
2018-01-26,24,entertainment,89
2018-01-27,24,entertainment,92
2018-01-28,24,entertainment,94
2018-01-29,24,entertainment,80
2018-01-30,24,entertainment,83
2018-01-31,24,entertainment,82
2018-02-01,24,entertainment,81
2018-02-02,24,entertainment,81
2018-02-03,24,entertainment,90
2018-02-04,24,entertainment,87
2018-02-05,24,entertainment,78
2018-02-06,24,entertainment,82
2018-02-07,24,entertainment,79
2018-02-08,24,entertainment,80
2018-02-09,24,entertainment,78
2018-02-10,24,entertainment,85
2018-02-11,24,entertainment,85
2018-02-12,24,entertainment,77
2018-02-13,24,entertainment,81
2018-02-14,24,entertainment,76
2018-02-15,24,entertainment,76
2018-02-16,24,entertainment,84
2018-02-17,24,entertainment,86
2018-02-18,24,entertainment,88
2018-02-19,24,entertainment,82
2018-02-20,24,entertainment,76
2018-02-21,24,entertainment,78
2018-02-22,24,entertainment,79
2018-02-23,24,entertainment,80
2018-02-24,24,entertainment,97
2018-02-25,24,entertainment,89
2018-02-26,24,entertainment,77
2018-02-27,24,entertainment,84
2018-02-28,24,entertainment,80
2018-03-01,24,entertainment,77
2018-03-02,24,entertainment,80
2018-03-03,24,entertainment,93
2018-03-04,24,entertainment,89
2018-03-05,24,entertainment,81
2018-03-06,24,entertainment,80
2018-03-07,24,entertainment,81
2018-03-08,24,entertainment,85
2018-03-09,24,entertainment,87
2018-03-10,24,entertainment,100
2018-03-11,24,entertainment,81
2018-03-12,24,entertainment,84
2018-03-13,24,entertainment,85
2018-03-14,24,entertainment,78
2018-03-15,24,entertainment,78
2018-03-16,24,entertainment,83
2018-03-17,24,entertainment,86
2018-03-18,24,entertainment,88
2018-03-19,24,entertainment,78
2018-03-20,24,entertainment,79
2018-03-21,24,entertainment,77
2018-03-22,24,entertainment,81
2018-03-23,24,entertainment,84
2018-03-24,24,entertainment,90
2018-03-25,24,entertainment,84
2018-03-26,24,entertainment,81
2018-03-27,24,entertainment,85
2018-03-28,24,entertainment,90
2018-03-29,24,entertainment,79
2018-03-30,24,entertainment,85
2018-03-31,24,entertainment,86
2018-04-01,24,entertainment,79
2018-04-02,24,entertainment,78
2018-04-03,24,entertainment,82
2018-04-04,24,entertainment,80
2018-04-05,24,entertainment,87
2018-04-06,24,entertainment,80
2018-04-07,24,entertainment,98
2018-04-08,24,entertainment,84
2018-04-09,24,entertainment,84
2018-04-10,24,entertainment,84
2018-04-11,24,entertainment,80
2018-04-12,24,entertainment,83
2018-04-13,24,entertainment,91
2018-04-14,24,entertainment,88
2018-04-15,24,entertainment,85
2018-04-16,24,entertainment,84
2018-04-17,24,entertainment,82
2018-04-18,24,entertainment,79
2018-04-19,24,entertainment,78
2018-04-20,24,entertainment,92
2018-04-21,24,entertainment,89
2018-04-22,24,entertainment,83
2018-04-23,24,entertainment,86
2018-04-24,24,entertainment,82
2018-04-25,24,entertainment,83
2018-04-26,24,entertainment,77
2018-04-27,24,entertainment,87
2018-04-28,24,entertainment,89
2018-04-29,24,entertainment,90
2018-04-30,24,entertainment,82
2018-05-01,24,entertainment,78
2018-05-02,24,entertainment,79
2018-05-03,24,entertainment,79
2018-05-04,24,entertainment,76
2018-05-05,24,entertainment,92
2018-05-06,24,entertainment,84
2018-05-07,24,entertainment,76
2018-05-08,24,entertainment,79
2018-05-09,24,entertainment,83
2018-05-10,24,entertainment,81
2018-05-11,24,entertainment,84
2018-05-12,24,entertainment,87
2018-05-13,24,entertainment,78
2018-05-14,24,entertainment,81
2018-05-15,24,entertainment,85
2018-05-16,24,entertainment,83
2018-05-17,24,entertainment,80
2018-05-18,24,entertainment,74
2018-05-19,24,entertainment,84
2018-05-20,24,entertainment,88
2018-05-21,24,entertainment,80
2018-05-22,24,entertainment,82
2018-05-23,24,entertainment,81
2018-05-24,24,entertainment,84
2018-05-25,24,entertainment,96
2018-05-26,24,entertainment,86
2018-05-27,24,entertainment,90
2018-05-28,24,entertainment,84
2018-05-29,24,entertainment,81
2018-05-30,24,entertainment,84
2018-05-31,24,entertainment,80
2018-06-01,24,entertainment,81
2018-06-02,24,entertainment,87
2018-06-03,24,entertainment,86
2018-06-04,24,entertainment,82
2018-06-05,24,entertainment,79
2018-06-06,24,entertainment,80
2018-06-07,24,entertainment,83
2018-06-08,24,entertainment,81
2018-06-09,24,entertainment,89
2018-06-10,24,entertainment,87
2018-06-11,24,entertainment,80
2018-06-12,24,entertainment,76
2018-06-13,24,entertainment,82
2018-06-14,24,entertainment,86
2017-11-14,25,news,73
2017-11-15,25,news,80
2017-11-16,25,news,77
2017-11-17,25,news,73
2017-11-18,25,news,65
2017-11-19,25,news,60
2017-11-20,25,news,71
2017-11-21,25,news,72
2017-11-22,25,news,72
2017-11-23,25,news,58
2017-11-24,25,news,63
2017-11-25,25,news,58
2017-11-26,25,news,60
2017-11-27,25,news,64
2017-11-28,25,news,66
2017-11-29,25,news,85
2017-11-30,25,news,80
2017-12-01,25,news,85
2017-12-02,25,news,73
2017-12-03,25,news,67
2017-12-04,25,news,76
2017-12-05,25,news,80
2017-12-06,25,news,86
2017-12-07,25,news,92
2017-12-08,25,news,89
2017-12-09,25,news,72
2017-12-10,25,news,65
2017-12-11,25,news,87
2017-12-12,25,news,84
2017-12-13,25,news,93
2017-12-14,25,news,82
2017-12-15,25,news,78
2017-12-16,25,news,67
2017-12-17,25,news,65
2017-12-18,25,news,76
2017-12-19,25,news,79
2017-12-20,25,news,83
2017-12-21,25,news,80
2017-12-22,25,news,79
2017-12-23,25,news,72
2017-12-24,25,news,65
2017-12-25,25,news,66
2017-12-26,25,news,71
2017-12-27,25,news,75
2017-12-28,25,news,71
2017-12-29,25,news,74
2017-12-30,25,news,64
2017-12-31,25,news,69
2018-01-01,25,news,74
2018-01-02,25,news,80
2018-01-03,25,news,91
2018-01-04,25,news,98
2018-01-05,25,news,82
2018-01-06,25,news,68
2018-01-07,25,news,70
2018-01-08,25,news,85
2018-01-09,25,news,79
2018-01-10,25,news,80
2018-01-11,25,news,86
2018-01-12,25,news,90
2018-01-13,25,news,79
2018-01-14,25,news,68
2018-01-15,25,news,80
2018-01-16,25,news,97
2018-01-17,25,news,98
2018-01-18,25,news,88
2018-01-19,25,news,84
2018-01-20,25,news,83
2018-01-21,25,news,72
2018-01-22,25,news,85
2018-01-23,25,news,87
2018-01-24,25,news,79
2018-01-25,25,news,82
2018-01-26,25,news,80
2018-01-27,25,news,68
2018-01-28,25,news,69
2018-01-29,25,news,80
2018-01-30,25,news,84
2018-01-31,25,news,84
2018-02-01,25,news,81
2018-02-02,25,news,89
2018-02-03,25,news,70
2018-02-04,25,news,66
2018-02-05,25,news,82
2018-02-06,25,news,86
2018-02-07,25,news,85
2018-02-08,25,news,81
2018-02-09,25,news,80
2018-02-10,25,news,64
2018-02-11,25,news,67
2018-02-12,25,news,73
2018-02-13,25,news,73
2018-02-14,25,news,85
2018-02-15,25,news,97
2018-02-16,25,news,83
2018-02-17,25,news,70
2018-02-18,25,news,66
2018-02-19,25,news,75
2018-02-20,25,news,81
2018-02-21,25,news,84
2018-02-22,25,news,80
2018-02-23,25,news,76
2018-02-24,25,news,64
2018-02-25,25,news,68
2018-02-26,25,news,71
2018-02-27,25,news,75
2018-02-28,25,news,76
2018-03-01,25,news,76
2018-03-02,25,news,80
2018-03-03,25,news,71
2018-03-04,25,news,63
2018-03-05,25,news,74
2018-03-06,25,news,76
2018-03-07,25,news,81
2018-03-08,25,news,78
2018-03-09,25,news,75
2018-03-10,25,news,64
2018-03-11,25,news,63
2018-03-12,25,news,77
2018-03-13,25,news,85
2018-03-14,25,news,88
2018-03-15,25,news,82
2018-03-16,25,news,78
2018-03-17,25,news,66
2018-03-18,25,news,68
2018-03-19,25,news,82
2018-03-20,25,news,91
2018-03-21,25,news,92
2018-03-22,25,news,82
2018-03-23,25,news,76
2018-03-24,25,news,66
2018-03-25,25,news,65
2018-03-26,25,news,75
2018-03-27,25,news,76
2018-03-28,25,news,72
2018-03-29,25,news,75
2018-03-30,25,news,72
2018-03-31,25,news,62
2018-04-01,25,news,65
2018-04-02,25,news,81
2018-04-03,25,news,81
2018-04-04,25,news,81
2018-04-05,25,news,75
2018-04-06,25,news,76
2018-04-07,25,news,65
2018-04-08,25,news,64
2018-04-09,25,news,77
2018-04-10,25,news,81
2018-04-11,25,news,81
2018-04-12,25,news,81
2018-04-13,25,news,83
2018-04-14,25,news,100
2018-04-15,25,news,79
2018-04-16,25,news,84
2018-04-17,25,news,81
2018-04-18,25,news,82
2018-04-19,25,news,76
2018-04-20,25,news,76
2018-04-21,25,news,65
2018-04-22,25,news,65
2018-04-23,25,news,77
2018-04-24,25,news,80
2018-04-25,25,news,81
2018-04-26,25,news,75
2018-04-27,25,news,78
2018-04-28,25,news,70
2018-04-29,25,news,66
2018-04-30,25,news,73
2018-05-01,25,news,69
2018-05-02,25,news,74
2018-05-03,25,news,77
2018-05-04,25,news,77
2018-05-05,25,news,67
2018-05-06,25,news,63
2018-05-07,25,news,75
2018-05-08,25,news,74
2018-05-09,25,news,76
2018-05-10,25,news,78
2018-05-11,25,news,73
2018-05-12,25,news,62
2018-05-13,25,news,62
2018-05-14,25,news,76
2018-05-15,25,news,82
2018-05-16,25,news,79
2018-05-17,25,news,75
2018-05-18,25,news,92
2018-05-19,25,news,72
2018-05-20,25,news,67
2018-05-21,25,news,75
2018-05-22,25,news,75
2018-05-23,25,news,73
2018-05-24,25,news,75
2018-05-25,25,news,81
2018-05-26,25,news,61
2018-05-27,25,news,64
2018-05-28,25,news,67
2018-05-29,25,news,77
2018-05-30,25,news,75
2018-05-31,25,news,76
2018-06-01,25,news,71
2018-06-02,25,news,64
2018-06-03,25,news,63
2018-06-04,25,news,73
2018-06-05,25,news,75
2018-06-06,25,news,76
2018-06-07,25,news,73
2018-06-08,25,news,77
2018-06-09,25,news,65
2018-06-10,25,news,67
2018-06-11,25,news,77
2018-06-12,25,news,88
2018-06-13,25,news,76
2018-06-14,25,news,82
2017-11-14,26,how to,80
2017-11-15,26,how to,82
2017-11-16,26,how to,78
2017-11-17,26,how to,74
2017-11-18,26,how to,77
2017-11-19,26,how to,81
2017-11-20,26,how to,79
2017-11-21,26,how to,80
2017-11-22,26,how to,83
2017-11-23,26,how to,96
2017-11-24,26,how to,72
2017-11-25,26,how to,78
2017-11-26,26,how to,83
2017-11-27,26,how to,76
2017-11-28,26,how to,80
2017-11-29,26,how to,79
2017-11-30,26,how to,76
2017-12-01,26,how to,77
2017-12-02,26,how to,79
2017-12-03,26,how to,82
2017-12-04,26,how to,78
2017-12-05,26,how to,75
2017-12-06,26,how to,79
2017-12-07,26,how to,79
2017-12-08,26,how to,74
2017-12-09,26,how to,79
2017-12-10,26,how to,85
2017-12-11,26,how to,82
2017-12-12,26,how to,79
2017-12-13,26,how to,79
2017-12-14,26,how to,81
2017-12-15,26,how to,75
2017-12-16,26,how to,72
2017-12-17,26,how to,78
2017-12-18,26,how to,77
2017-12-19,26,how to,78
2017-12-20,26,how to,73
2017-12-21,26,how to,75
2017-12-22,26,how to,75
2017-12-23,26,how to,77
2017-12-24,26,how to,82
2017-12-25,26,how to,100
2017-12-26,26,how to,84
2017-12-27,26,how to,83
2017-12-28,26,how to,82
2017-12-29,26,how to,82
2017-12-30,26,how to,84
2017-12-31,26,how to,90
2018-01-01,26,how to,84
2018-01-02,26,how to,78
2018-01-03,26,how to,84
2018-01-04,26,how to,81
2018-01-05,26,how to,80
2018-01-06,26,how to,82
2018-01-07,26,how to,85
2018-01-08,26,how to,76
2018-01-09,26,how to,77
2018-01-10,26,how to,75
2018-01-11,26,how to,79
2018-01-12,26,how to,77
2018-01-13,26,how to,82
2018-01-14,26,how to,88
2018-01-15,26,how to,85
2018-01-16,26,how to,79
2018-01-17,26,how to,78
2018-01-18,26,how to,79
2018-01-19,26,how to,80
2018-01-20,26,how to,79
2018-01-21,26,how to,84
2018-01-22,26,how to,78
2018-01-23,26,how to,80
2018-01-24,26,how to,81
2018-01-25,26,how to,73
2018-01-26,26,how to,75
2018-01-27,26,how to,86
2018-01-28,26,how to,87
2018-01-29,26,how to,77
2018-01-30,26,how to,80
2018-01-31,26,how to,84
2018-02-01,26,how to,78
2018-02-02,26,how to,75
2018-02-03,26,how to,83
2018-02-04,26,how to,83
2018-02-05,26,how to,70
2018-02-06,26,how to,78
2018-02-07,26,how to,81
2018-02-08,26,how to,80
2018-02-09,26,how to,76
2018-02-10,26,how to,76
2018-02-11,26,how to,86
2018-02-12,26,how to,79
2018-02-13,26,how to,78
2018-02-14,26,how to,77
2018-02-15,26,how to,77
2018-02-16,26,how to,75
2018-02-17,26,how to,74
2018-02-18,26,how to,77
2018-02-19,26,how to,84
2018-02-20,26,how to,80
2018-02-21,26,how to,82
2018-02-22,26,how to,78
2018-02-23,26,how to,78
2018-02-24,26,how to,79
2018-02-25,26,how to,85
2018-02-26,26,how to,78
2018-02-27,26,how to,82
2018-02-28,26,how to,80
2018-03-01,26,how to,78
2018-03-02,26,how to,74
2018-03-03,26,how to,79
2018-03-04,26,how to,84
2018-03-05,26,how to,81
2018-03-06,26,how to,77
2018-03-07,26,how to,78
2018-03-08,26,how to,73
2018-03-09,26,how to,74
2018-03-10,26,how to,77
2018-03-11,26,how to,82
2018-03-12,26,how to,80
2018-03-13,26,how to,81
2018-03-14,26,how to,78
2018-03-15,26,how to,78
2018-03-16,26,how to,75
2018-03-17,26,how to,76
2018-03-18,26,how to,82
2018-03-19,26,how to,76
2018-03-20,26,how to,77
2018-03-21,26,how to,82
2018-03-22,26,how to,81
2018-03-23,26,how to,73
2018-03-24,26,how to,79
2018-03-25,26,how to,86
2018-03-26,26,how to,78
2018-03-27,26,how to,80
2018-03-28,26,how to,81
2018-03-29,26,how to,78
2018-03-30,26,how to,80
2018-03-31,26,how to,80
2018-04-01,26,how to,86
2018-04-02,26,how to,77
2018-04-03,26,how to,73
2018-04-04,26,how to,76
2018-04-05,26,how to,80
2018-04-06,26,how to,75
2018-04-07,26,how to,77
2018-04-08,26,how to,85
2018-04-09,26,how to,81
2018-04-10,26,how to,77
2018-04-11,26,how to,82
2018-04-12,26,how to,77
2018-04-13,26,how to,74
2018-04-14,26,how to,77
2018-04-15,26,how to,85
2018-04-16,26,how to,80
2018-04-17,26,how to,82
2018-04-18,26,how to,80
2018-04-19,26,how to,83
2018-04-20,26,how to,72
2018-04-21,26,how to,76
2018-04-22,26,how to,84
2018-04-23,26,how to,74
2018-04-24,26,how to,80
2018-04-25,26,how to,84
2018-04-26,26,how to,75
2018-04-27,26,how to,76
2018-04-28,26,how to,81
2018-04-29,26,how to,86
2018-04-30,26,how to,85
2018-05-01,26,how to,76
2018-05-02,26,how to,75
2018-05-03,26,how to,76
2018-05-04,26,how to,75
2018-05-05,26,how to,79
2018-05-06,26,how to,81
2018-05-07,26,how to,78
2018-05-08,26,how to,78
2018-05-09,26,how to,79
2018-05-10,26,how to,80
2018-05-11,26,how to,76
2018-05-12,26,how to,79
2018-05-13,26,how to,82
2018-05-14,26,how to,76
2018-05-15,26,how to,80
2018-05-16,26,how to,77
2018-05-17,26,how to,80
2018-05-18,26,how to,72
2018-05-19,26,how to,76
2018-05-20,26,how to,79
2018-05-21,26,how to,79
2018-05-22,26,how to,79
2018-05-23,26,how to,76
2018-05-24,26,how to,82
2018-05-25,26,how to,79
2018-05-26,26,how to,78
2018-05-27,26,how to,82
2018-05-28,26,how to,84
2018-05-29,26,how to,81
2018-05-30,26,how to,79
2018-05-31,26,how to,79
2018-06-01,26,how to,77
2018-06-02,26,how to,81
2018-06-03,26,how to,82
2018-06-04,26,how to,82
2018-06-05,26,how to,79
2018-06-06,26,how to,80
2018-06-07,26,how to,81
2018-06-08,26,how to,74
2018-06-09,26,how to,79
2018-06-10,26,how to,84
2018-06-11,26,how to,77
2018-06-12,26,how to,80
2018-06-13,26,how to,81
2018-06-14,26,how to,81
2017-11-14,27,education,94
2017-11-15,27,education,95
2017-11-16,27,education,88
2017-11-17,27,education,76
2017-11-18,27,education,37
2017-11-19,27,education,39
2017-11-20,27,education,69
2017-11-21,27,education,67
2017-11-22,27,education,46
2017-11-23,27,education,25
2017-11-24,27,education,28
2017-11-25,27,education,32
2017-11-26,27,education,40
2017-11-27,27,education,77
2017-11-28,27,education,88
2017-11-29,27,education,91
2017-11-30,27,education,88
2017-12-01,27,education,80
2017-12-02,27,education,41
2017-12-03,27,education,44
2017-12-04,27,education,85
2017-12-05,27,education,86
2017-12-06,27,education,88
2017-12-07,27,education,83
2017-12-08,27,education,73
2017-12-09,27,education,40
2017-12-10,27,education,42
2017-12-11,27,education,79
2017-12-12,27,education,83
2017-12-13,27,education,81
2017-12-14,27,education,76
2017-12-15,27,education,70
2017-12-16,27,education,35
2017-12-17,27,education,33
2017-12-18,27,education,66
2017-12-19,27,education,66
2017-12-20,27,education,61
2017-12-21,27,education,54
2017-12-22,27,education,38
2017-12-23,27,education,25
2017-12-24,27,education,24
2017-12-25,27,education,21
2017-12-26,27,education,31
2017-12-27,27,education,39
2017-12-28,27,education,42
2017-12-29,27,education,38
2017-12-30,27,education,26
2017-12-31,27,education,27
2018-01-01,27,education,27
2018-01-02,27,education,61
2018-01-03,27,education,70
2018-01-04,27,education,75
2018-01-05,27,education,70
2018-01-06,27,education,40
2018-01-07,27,education,43
2018-01-08,27,education,77
2018-01-09,27,education,87
2018-01-10,27,education,88
2018-01-11,27,education,85
2018-01-12,27,education,77
2018-01-13,27,education,41
2018-01-14,27,education,35
2018-01-15,27,education,56
2018-01-16,27,education,84
2018-01-17,27,education,83
2018-01-18,27,education,85
2018-01-19,27,education,78
2018-01-20,27,education,43
2018-01-21,27,education,42
2018-01-22,27,education,87
2018-01-23,27,education,90
2018-01-24,27,education,93
2018-01-25,27,education,91
2018-01-26,27,education,84
2018-01-27,27,education,47
2018-01-28,27,education,47
2018-01-29,27,education,92
2018-01-30,27,education,94
2018-01-31,27,education,92
2018-02-01,27,education,96
2018-02-02,27,education,82
2018-02-03,27,education,46
2018-02-04,27,education,48
2018-02-05,27,education,82
2018-02-06,27,education,91
2018-02-07,27,education,90
2018-02-08,27,education,94
2018-02-09,27,education,79
2018-02-10,27,education,46
2018-02-11,27,education,48
2018-02-12,27,education,92
2018-02-13,27,education,89
2018-02-14,27,education,80
2018-02-15,27,education,84
2018-02-16,27,education,75
2018-02-17,27,education,43
2018-02-18,27,education,43
2018-02-19,27,education,67
2018-02-20,27,education,88
2018-02-21,27,education,94
2018-02-22,27,education,88
2018-02-23,27,education,79
2018-02-24,27,education,47
2018-02-25,27,education,50
2018-02-26,27,education,91
2018-02-27,27,education,95
2018-02-28,27,education,95
2018-03-01,27,education,93
2018-03-02,27,education,79
2018-03-03,27,education,49
2018-03-04,27,education,46
2018-03-05,27,education,88
2018-03-06,27,education,94
2018-03-07,27,education,99
2018-03-08,27,education,94
2018-03-09,27,education,78
2018-03-10,27,education,44
2018-03-11,27,education,46
2018-03-12,27,education,79
2018-03-13,27,education,88
2018-03-14,27,education,85
2018-03-15,27,education,80
2018-03-16,27,education,72
2018-03-17,27,education,40
2018-03-18,27,education,45
2018-03-19,27,education,89
2018-03-20,27,education,92
2018-03-21,27,education,89
2018-03-22,27,education,89
2018-03-23,27,education,73
2018-03-24,27,education,41
2018-03-25,27,education,44
2018-03-26,27,education,82
2018-03-27,27,education,96
2018-03-28,27,education,88
2018-03-29,27,education,79
2018-03-30,27,education,56
2018-03-31,27,education,41
2018-04-01,27,education,37
2018-04-02,27,education,79
2018-04-03,27,education,88
2018-04-04,27,education,84
2018-04-05,27,education,89
2018-04-06,27,education,73
2018-04-07,27,education,46
2018-04-08,27,education,51
2018-04-09,27,education,96
2018-04-10,27,education,97
2018-04-11,27,education,90
2018-04-12,27,education,94
2018-04-13,27,education,87
2018-04-14,27,education,43
2018-04-15,27,education,52
2018-04-16,27,education,93
2018-04-17,27,education,100
2018-04-18,27,education,95
2018-04-19,27,education,96
2018-04-20,27,education,77
2018-04-21,27,education,42
2018-04-22,27,education,46
2018-04-23,27,education,93
2018-04-24,27,education,95
2018-04-25,27,education,97
2018-04-26,27,education,90
2018-04-27,27,education,79
2018-04-28,27,education,44
2018-04-29,27,education,49
2018-04-30,27,education,94
2018-05-01,27,education,92
2018-05-02,27,education,92
2018-05-03,27,education,91
2018-05-04,27,education,79
2018-05-05,27,education,42
2018-05-06,27,education,48
2018-05-07,27,education,90
2018-05-08,27,education,91
2018-05-09,27,education,89
2018-05-10,27,education,88
2018-05-11,27,education,78
2018-05-12,27,education,37
2018-05-13,27,education,40
2018-05-14,27,education,82
2018-05-15,27,education,88
2018-05-16,27,education,83
2018-05-17,27,education,81
2018-05-18,27,education,70
2018-05-19,27,education,38
2018-05-20,27,education,44
2018-05-21,27,education,79
2018-05-22,27,education,81
2018-05-23,27,education,80
2018-05-24,27,education,78
2018-05-25,27,education,65
2018-05-26,27,education,30
2018-05-27,27,education,38
2018-05-28,27,education,43
2018-05-29,27,education,76
2018-05-30,27,education,74
2018-05-31,27,education,76
2018-06-01,27,education,64
2018-06-02,27,education,37
2018-06-03,27,education,44
2018-06-04,27,education,70
2018-06-05,27,education,70
2018-06-06,27,education,71
2018-06-07,27,education,68
2018-06-08,27,education,56
2018-06-09,27,education,37
2018-06-10,27,education,37
2018-06-11,27,education,67
2018-06-12,27,education,64
2018-06-13,27,education,70
2018-06-14,27,education,63
2017-11-14,28,technology,90
2017-11-15,28,technology,94
2017-11-16,28,technology,88
2017-11-17,28,technology,72
2017-11-18,28,technology,42
2017-11-19,28,technology,40
2017-11-20,28,technology,74
2017-11-21,28,technology,73
2017-11-22,28,technology,53
2017-11-23,28,technology,36
2017-11-24,28,technology,39
2017-11-25,28,technology,42
2017-11-26,28,technology,46
2017-11-27,28,technology,79
2017-11-28,28,technology,88
2017-11-29,28,technology,89
2017-11-30,28,technology,85
2017-12-01,28,technology,74
2017-12-02,28,technology,45
2017-12-03,28,technology,43
2017-12-04,28,technology,84
2017-12-05,28,technology,83
2017-12-06,28,technology,77
2017-12-07,28,technology,82
2017-12-08,28,technology,71
2017-12-09,28,technology,48
2017-12-10,28,technology,44
2017-12-11,28,technology,80
2017-12-12,28,technology,85
2017-12-13,28,technology,78
2017-12-14,28,technology,80
2017-12-15,28,technology,68
2017-12-16,28,technology,41
2017-12-17,28,technology,43
2017-12-18,28,technology,68
2017-12-19,28,technology,71
2017-12-20,28,technology,60
2017-12-21,28,technology,57
2017-12-22,28,technology,43
2017-12-23,28,technology,34
2017-12-24,28,technology,30
2017-12-25,28,technology,30
2017-12-26,28,technology,46
2017-12-27,28,technology,49
2017-12-28,28,technology,44
2017-12-29,28,technology,41
2017-12-30,28,technology,33
2017-12-31,28,technology,33
2018-01-01,28,technology,34
2018-01-02,28,technology,55
2018-01-03,28,technology,66
2018-01-04,28,technology,69
2018-01-05,28,technology,69
2018-01-06,28,technology,42
2018-01-07,28,technology,41
2018-01-08,28,technology,77
2018-01-09,28,technology,81
2018-01-10,28,technology,86
2018-01-11,28,technology,82
2018-01-12,28,technology,72
2018-01-13,28,technology,41
2018-01-14,28,technology,40
2018-01-15,28,technology,53
2018-01-16,28,technology,80
2018-01-17,28,technology,80
2018-01-18,28,technology,86
2018-01-19,28,technology,73
2018-01-20,28,technology,44
2018-01-21,28,technology,43
2018-01-22,28,technology,87
2018-01-23,28,technology,89
2018-01-24,28,technology,89
2018-01-25,28,technology,88
2018-01-26,28,technology,78
2018-01-27,28,technology,42
2018-01-28,28,technology,52
2018-01-29,28,technology,85
2018-01-30,28,technology,86
2018-01-31,28,technology,85
2018-02-01,28,technology,84
2018-02-02,28,technology,75
2018-02-03,28,technology,41
2018-02-04,28,technology,48
2018-02-05,28,technology,75
2018-02-06,28,technology,89
2018-02-07,28,technology,100
2018-02-08,28,technology,86
2018-02-09,28,technology,78
2018-02-10,28,technology,44
2018-02-11,28,technology,45
2018-02-12,28,technology,77
2018-02-13,28,technology,86
2018-02-14,28,technology,77
2018-02-15,28,technology,79
2018-02-16,28,technology,72
2018-02-17,28,technology,41
2018-02-18,28,technology,42
2018-02-19,28,technology,64
2018-02-20,28,technology,80
2018-02-21,28,technology,80
2018-02-22,28,technology,81
2018-02-23,28,technology,73
2018-02-24,28,technology,41
2018-02-25,28,technology,47
2018-02-26,28,technology,82
2018-02-27,28,technology,89
2018-02-28,28,technology,88
2018-03-01,28,technology,83
2018-03-02,28,technology,74
2018-03-03,28,technology,41
2018-03-04,28,technology,46
2018-03-05,28,technology,80
2018-03-06,28,technology,86
2018-03-07,28,technology,88
2018-03-08,28,technology,85
2018-03-09,28,technology,77
2018-03-10,28,technology,42
2018-03-11,28,technology,42
2018-03-12,28,technology,78
2018-03-13,28,technology,79
2018-03-14,28,technology,76
2018-03-15,28,technology,78
2018-03-16,28,technology,74
2018-03-17,28,technology,39
2018-03-18,28,technology,42
2018-03-19,28,technology,81
2018-03-20,28,technology,84
2018-03-21,28,technology,80
2018-03-22,28,technology,83
2018-03-23,28,technology,77
2018-03-24,28,technology,40
2018-03-25,28,technology,42
2018-03-26,28,technology,77
2018-03-27,28,technology,83
2018-03-28,28,technology,76
2018-03-29,28,technology,76
2018-03-30,28,technology,50
2018-03-31,28,technology,38
2018-04-01,28,technology,40
2018-04-02,28,technology,72
2018-04-03,28,technology,82
2018-04-04,28,technology,78
2018-04-05,28,technology,79
2018-04-06,28,technology,65
2018-04-07,28,technology,41
2018-04-08,28,technology,45
2018-04-09,28,technology,84
2018-04-10,28,technology,83
2018-04-11,28,technology,79
2018-04-12,28,technology,81
2018-04-13,28,technology,69
2018-04-14,28,technology,41
2018-04-15,28,technology,44
2018-04-16,28,technology,83
2018-04-17,28,technology,85
2018-04-18,28,technology,85
2018-04-19,28,technology,83
2018-04-20,28,technology,67
2018-04-21,28,technology,40
2018-04-22,28,technology,50
2018-04-23,28,technology,83
2018-04-24,28,technology,87
2018-04-25,28,technology,80
2018-04-26,28,technology,80
2018-04-27,28,technology,68
2018-04-28,28,technology,42
2018-04-29,28,technology,47
2018-04-30,28,technology,87
2018-05-01,28,technology,83
2018-05-02,28,technology,83
2018-05-03,28,technology,78
2018-05-04,28,technology,71
2018-05-05,28,technology,43
2018-05-06,28,technology,44
2018-05-07,28,technology,81
2018-05-08,28,technology,81
2018-05-09,28,technology,79
2018-05-10,28,technology,77
2018-05-11,28,technology,66
2018-05-12,28,technology,36
2018-05-13,28,technology,46
2018-05-14,28,technology,73
2018-05-15,28,technology,79
2018-05-16,28,technology,74
2018-05-17,28,technology,77
2018-05-18,28,technology,60
2018-05-19,28,technology,44
2018-05-20,28,technology,42
2018-05-21,28,technology,71
2018-05-22,28,technology,72
2018-05-23,28,technology,69
2018-05-24,28,technology,65
2018-05-25,28,technology,56
2018-05-26,28,technology,33
2018-05-27,28,technology,41
2018-05-28,28,technology,41
2018-05-29,28,technology,70
2018-05-30,28,technology,72
2018-05-31,28,technology,69
2018-06-01,28,technology,61
2018-06-02,28,technology,39
2018-06-03,28,technology,44
2018-06-04,28,technology,63
2018-06-05,28,technology,71
2018-06-06,28,technology,68
2018-06-07,28,technology,63
2018-06-08,28,technology,52
2018-06-09,28,technology,39
2018-06-10,28,technology,41
2018-06-11,28,technology,64
2018-06-12,28,technology,66
2018-06-13,28,technology,64
2018-06-14,28,technology,59
